Answer_ID,Question_ID,Question_Full_Text,Answer,Full_Description,Theological_Label,Theol_Cons_Lib,Social_Cons_Lib,Counter_Pro_Modern,Super_Nat,Cult_Sep_Eng,Cleric_Egal,Div_Hum_Agency,Commun_Indiv,Liturg_Spont,Sacram_Funct,Literal_Crit,Intellect_Exper
GOD_01_A01,GOD_01,Which statement best describes your understanding of the Godhead?,"One God existing as three distinct, co-equal persons","God is one being in three co-equal, co-eternal, and consubstantial persons: Father, Son, and Holy Spirit.",Trinitarianism,0,N/A,0,0,N/A,N/A,N/A,N/A,N/A,N/A,10,N/A
GOD_01_A02,GOD_01,Which statement best describes your understanding of the Godhead?,One God who plays three different roles or modes,"God is one person who has manifested in three different modes or roles: Father, Son, and Holy Spirit.",Modalism,20,N/A,30,30,N/A,N/A,N/A,N/A,N/A,N/A,50,N/A
GOD_01_A03,GOD_01,Which statement best describes your understanding of the Godhead?,Two divine persons (Father & Son); the Spirit is power,"The Godhead consists of two co-eternal persons, the Father and the Son, while the Holy Spirit is God's power or influence.",Binitarianism,30,N/A,40,20,N/A,N/A,N/A,N/A,N/A,N/A,30,N/A
GOD_01_A04,GOD_01,Which statement best describes your understanding of the Godhead?,"One supreme Father and a pre-existent created, subordinate Son","God is one person (the Father), and Jesus is a created spiritual being (the Son) who is subordinate to Him.",Arianism,40,N/A,30,50,N/A,N/A,N/A,N/A,N/A,N/A,20,N/A
GOD_01_A05,GOD_01,Which statement best describes your understanding of the Godhead?,Three separate divine beings perfectly united in purpose,The Godhead consists of three distinct and separate divine beings (personages) who are perfectly united in purpose.,Tritheism,50,N/A,50,10,N/A,N/A,N/A,N/A,N/A,N/A,0,N/A
GOD_01_A06,GOD_01,Which statement best describes your understanding of the Godhead?,Two opposing gods or forces (Good Spirit vs. Evil Matter),"There are two opposing divine principles or beings, one of spirit (good) and one of matter (evil).",Cosmic Dualism,90,N/A,40,15,N/A,N/A,N/A,N/A,N/A,N/A,90,N/A
GOD_01_A07,GOD_01,Which statement best describes your understanding of the Godhead?,One God who adopted the human Jesus as His Son,God is one person (the Father); Jesus was a human being adopted as God's Son at his baptism or resurrection.,Adoptionism,70,N/A,70,80,N/A,N/A,N/A,N/A,N/A,N/A,70,N/A
GOD_01_A10,GOD_01,Which statement best describes your understanding of the Godhead?,One God (Father); Jesus was a created human Messiah,"God is one person (the Father); Jesus is the unique human Son of God from conception, not a pre-existent being.",Biblical Unitarianism,60,N/A,60,90,N/A,N/A,N/A,N/A,N/A,N/A,40,N/A
GOD_01_A08,GOD_01,Which statement best describes your understanding of the Godhead?,One God containing both male and female characteristics,"God is a single being possessing dual, complementary characteristics of masculinity and femininity.",Divine Androgyny,80,N/A,90,40,N/A,N/A,N/A,N/A,N/A,N/A,80,N/A
GOD_01_A09,GOD_01,Which statement best describes your understanding of the Godhead?,"One God; ""Father, Son, Spirit"" are metaphors, not persons","The language of ""Father, Son, and Spirit"" is symbolic of God's nature and activity, not a literal description of persons.",Symbolic Trinitarianism,100,N/A,100,100,N/A,N/A,N/A,N/A,N/A,N/A,100,N/A
GOD_04_A01,GOD_04,How does God relate to the created world and human actions?,God determines every event; humans have no independent will,"God's decree is the sole cause of everything; human choices are fully determined by Him, leaving no independent human will.",Theological Determinism,0,N/A,0,0,N/A,N/A,0,N/A,N/A,N/A,15,N/A
GOD_04_A02,GOD_04,How does God relate to the created world and human actions?,God decrees the outcome but works through free human choices,"God sovereignly decides history's outcome, but brings it about through the real, voluntary choices of human beings.",Compatibilism,10,N/A,10,15,N/A,N/A,15,N/A,N/A,N/A,40,N/A
GOD_04_A03,GOD_04,How does God relate to the created world and human actions?,God secures outcomes by arranging circumstances,"God knows what free creatures would do in any situation, so He creates the specific scenario where they freely choose what He intends.",Molinism,30,N/A,30,30,N/A,N/A,35,N/A,N/A,N/A,50,N/A
GOD_04_A04,GOD_04,How does God relate to the created world and human actions?,God foresees the future without controlling it,"God perfectly knows the future choices humans will make, and governs the world by responding to those choices rather than pre-determining them.",Simple Foreknowledge,20,N/A,20,45,N/A,N/A,50,N/A,N/A,N/A,30,N/A
GOD_04_A05,GOD_04,How does God relate to the created world and human actions?,God faces a partly unsettled future and adapts to human choices,"The future is not fully settled because free choices are real, so God adapts and responds as events unfold.",Open Theism,60,N/A,70,60,N/A,N/A,65,N/A,N/A,N/A,0,N/A
GOD_04_A06,GOD_04,How does God relate to the created world and human actions?,God cannot coerce events but only lures or persuades the world,"God does not control by force but influences and persuades, and God and the world affect each other over time.",Process Theism,90,N/A,100,75,N/A,N/A,80,N/A,N/A,N/A,90,N/A
GOD_04_A07,GOD_04,How does God relate to the created world and human actions?,A distant High God; the material world is flawed or evil,"The highest God is impersonal and distant from the physical world, which is viewed as flawed or illusory.",Gnosticism,100,N/A,50,100,N/A,N/A,100,N/A,N/A,N/A,100,N/A
GOD_04_A08,GOD_04,How does God relate to the created world and human actions?,God created the universe but no longer intervenes in it,"God created the world and its laws and does not intervene, so events and choices unfold on their own.",Deism,80,N/A,85,90,N/A,N/A,90,N/A,N/A,N/A,80,N/A
SCR_01_A01,SCR_01,What is the ultimate source of authority for faith and practice?,Scripture as the sole infallible rule,The Bible alone is the final and only completely trustworthy rule that governs all matters of faith and practice.,Sola Scriptura,0,N/A,40,30,N/A,70,N/A,80,N/A,N/A,0,50
SCR_01_A02,SCR_01,What is the ultimate source of authority for faith and practice?,Scripture interpreted through a prophetic lens,"The Bible is the final rule, but the writings of a specific, divinely-appointed messenger are essential to correctly interpret its message.",Prophetic Authority,60,N/A,80,20,N/A,30,N/A,60,N/A,N/A,30,80
SCR_01_A03,SCR_01,What is the ultimate source of authority for faith and practice?,Scripture and Tradition interpreted by an official office,"Scripture and historic tradition are interpreted authoritatively by the Church’s official, historic teaching office.",Magisterial Authority,30,N/A,10,70,N/A,0,N/A,10,N/A,N/A,60,20
SCR_01_A04,SCR_01,What is the ultimate source of authority for faith and practice?,Scripture and Tradition as one inseparable authority,"Scripture and the lived tradition of the Church are a single stream of truth; neither is superior to the other, as both emerge from one divine source.",Holy Tradition,20,N/A,0,50,N/A,20,N/A,0,N/A,N/A,70,70
SCR_01_A05,SCR_01,What is the ultimate source of authority for faith and practice?,"Scripture as primary, informed by history and reason","The Bible is the highest authority, while tradition, reason, and experience are used as necessary tools to help explain and apply its teachings.",Consultative Prima Scriptura,40,N/A,50,80,N/A,80,N/A,70,N/A,N/A,80,10
SCR_01_A06,SCR_01,What is the ultimate source of authority for faith and practice?,Scripture interpreted by a single governing body,"A specific, modern governing organization is the only authorized channel for interpreting the Bible and providing spiritual truth.",Institutional Authority,70,N/A,90,90,N/A,10,N/A,30,N/A,N/A,20,30
SCR_01_A07,SCR_01,What is the ultimate source of authority for faith and practice?,Scripture plus ongoing new revelation,"The Bible is authoritative, but God continues to provide new, binding, and equal revelation through modern apostles or prophets.",Open Canon,80,N/A,85,0,N/A,85,N/A,85,N/A,N/A,35,90
SCR_01_A08,SCR_01,What is the ultimate source of authority for faith and practice?,Scripture plus a founder's foundational writings,The Bible and the foundational writings of the community’s founder function together as the authorized rule for faith.,Dual Authority,50,N/A,70,40,N/A,60,N/A,50,N/A,N/A,40,60
SCR_01_A09,SCR_01,What is the ultimate source of authority for faith and practice?,Scripture guided by immediate inward revelation,"Direct, inward spiritual guidance from God is the primary authority, which clarifies and may even supersede the written word.",Inner Light,90,N/A,95,10,N/A,100,N/A,100,N/A,N/A,90,100
SCR_01_A10,SCR_01,What is the ultimate source of authority for faith and practice?,"Reason, conscience, and experience as the final test","Personal reason, moral conscience, and human experience are the final tests used to determine what to believe and how to live.",Rationalism,100,N/A,100,100,N/A,90,N/A,90,N/A,N/A,100,0
SCR_01_A11,SCR_01,What is the ultimate source of authority for faith and practice?,"Scripture as primary, bound by the early Church’s consensus","Scripture is the supreme authority, but it must be interpreted according to the binding decisions of the early Church's universal councils and creeds.",Patristic Authority,10,N/A,20,60,N/A,40,N/A,20,N/A,N/A,50,40
SCR_02_A01,SCR_02,Which statement best describes the nature of biblical inspiration?,Words dictated directly by God,God provided the exact words of the text to human writers who acted as passive instruments to record His speech.,Mechanical Dictation,0,N/A,0,0,N/A,N/A,0,N/A,N/A,N/A,0,0
SCR_02_A02,SCR_02,Which statement best describes the nature of biblical inspiration?,Words superintended by God through humans,God worked through the personalities and styles of human authors to ensure every word of the original text perfectly conveys His intended message without any error.,Verbal Plenary Inspiration,10,N/A,15,15,N/A,N/A,20,N/A,N/A,N/A,15,20
SCR_02_A03,SCR_02,Which statement best describes the nature of biblical inspiration?,Truthful in spiritual matters but human in details,"The text is divinely inspired and cannot fail in its purpose of revealing God and salvation, but it may contain human errors in history or science.",Limited Inerrancy,40,N/A,50,50,N/A,N/A,50,N/A,N/A,N/A,50,50
SCR_02_A04,SCR_02,Which statement best describes the nature of biblical inspiration?,Thoughts inspired by God but wording chosen by humans,"God inspired the core concepts and spiritual truths, but left the specific phrasing and historical framing to the human authors.",Conceptual Inspiration,30,N/A,40,35,N/A,N/A,40,N/A,N/A,N/A,35,40
SCR_02_A05,SCR_02,Which statement best describes the nature of biblical inspiration?,A witness that becomes God’s word in encounter,"The text is a unique human witness to divine truth; it is not itself identical to God’s Word, but God speaks through it as people engage with it.",Neo-Orthodox Inspiration,60,N/A,70,65,N/A,N/A,70,N/A,N/A,N/A,65,100
SCR_02_A06,SCR_02,Which statement best describes the nature of biblical inspiration?,A human record of religious experience,The text is a fallible human record of spiritual discovery and historical context that serves as a witness to truth despite its errors.,Historical Criticism,90,N/A,90,90,N/A,N/A,90,N/A,N/A,N/A,90,85
SCR_02_A07,SCR_02,Which statement best describes the nature of biblical inspiration?,Human insights enhanced by a spiritual influence,"Spiritual influence enhanced the natural wisdom and insights of the writers, much like other great works of religious literature.",Illumination Theory,75,N/A,80,80,N/A,N/A,80,N/A,N/A,N/A,80,75
SCR_02_A08,SCR_02,Which statement best describes the nature of biblical inspiration?,A purely human product with no divine involvement,"The text is a collection of purely human writings reflecting the culture, politics, and myths of its authors with no divine intervention.",Naturalistic View of Scripture,100,N/A,100,100,N/A,N/A,100,N/A,N/A,N/A,100,10
SCR_07_A07,SCR_07,"Is divine revelation ongoing, or did it cease with the apostolic age?",New Canon-Level Scripture Possible,"God continues to provide new, binding, and authoritative scripture through modern messengers that is equal in authority to the Bible.",Open Canon,100,N/A,N/A,0,N/A,N/A,N/A,N/A,N/A,N/A,N/A,100
SCR_07_A06,SCR_07,"Is divine revelation ongoing, or did it cease with the apostolic age?",Authoritative prophecy & Gifts continues for the Church,"All spiritual gifts continue, and modern prophecy provides direct and authoritative messages from God that the Church is expected to follow.",Strong Continuationism,70,N/A,N/A,15,N/A,N/A,N/A,N/A,N/A,N/A,N/A,85
SCR_07_A05,SCR_07,"Is divine revelation ongoing, or did it cease with the apostolic age?",Prophetic gifts continue but are subject to Scripture,"All spiritual gifts continue today, but modern prophecy is fallible and must always be tested against the final authority of the Bible.",Continuationism,50,N/A,N/A,30,N/A,N/A,N/A,N/A,N/A,N/A,N/A,70
SCR_07_A04,SCR_07,"Is divine revelation ongoing, or did it cease with the apostolic age?",Supernatural insights are possible but rare,"Extraordinary spiritual manifestations may theoretically occur today, but they are not a normal part of church life and should be viewed with extreme caution.",Cautious Continuationism,40,N/A,N/A,50,N/A,N/A,N/A,N/A,N/A,N/A,N/A,50
SCR_07_A03,SCR_07,"Is divine revelation ongoing, or did it cease with the apostolic age?",Public revelation is closed; private guidance remains,"The official revelation for the whole Church ended with the first apostles, but God may still grant private guidance or messages to individuals.",Closed Public Revelation,20,N/A,N/A,65,N/A,N/A,N/A,N/A,N/A,N/A,N/A,30
SCR_07_A02,SCR_07,"Is divine revelation ongoing, or did it cease with the apostolic age?","Revelation gifts ceased, but miracles continue","Miraculous gifts like prophecy and tongues were unique to the apostolic age and have ended, though God still performs direct miracles through prayer.",Classical Cessationism,10,N/A,N/A,80,N/A,N/A,N/A,N/A,N/A,N/A,N/A,15
SCR_07_A01,SCR_07,"Is divine revelation ongoing, or did it cease with the apostolic age?",All supernatural revelation has ended with the apostles,All extraordinary spiritual gifts and direct revelatory activity ended after the first apostles; God now works exclusively through the written Word.,Hard Cessationism,0,N/A,N/A,100,N/A,N/A,N/A,N/A,N/A,N/A,N/A,0
SCR_09_A01,SCR_09,Who has the authority to definitively interpret Scripture for the Church?,A unique messenger or governing body,"A specific, divinely-commissioned leader or a central organization provides the only binding and authoritative interpretation of the text.",Prophetic Authority,60,N/A,80,10,N/A,0,N/A,20,N/A,N/A,30,75
SCR_09_A02,SCR_09,Who has the authority to definitively interpret Scripture for the Church?,A living teaching office in historic succession,"A specific, ongoing office of leadership (an official hierarchy) has the exclusive and final power to provide the authentic, binding interpretation of the text for today.",Magisterial Authority,15,N/A,10,30,N/A,10,N/A,0,N/A,N/A,60,30
SCR_09_A03,SCR_09,Who has the authority to definitively interpret Scripture for the Church?,The universal consensus of the ancient Church,"The meaning is found in the historical agreement of the whole Church, as expressed in the ancient councils and the unchanging tradition of the early fathers.",Patristic Authority,0,N/A,0,50,N/A,30,N/A,10,N/A,N/A,50,25
SCR_09_A04,SCR_09,Who has the authority to definitively interpret Scripture for the Church?,Established confessions and church office,"The text interprets itself, but its essential meaning is authoritatively summarized in historic confessions and upheld by the church's teaching ministry.",Confessional Sola Scriptura,25,N/A,30,60,N/A,50,N/A,60,N/A,N/A,15,15
SCR_09_A05,SCR_09,Who has the authority to definitively interpret Scripture for the Church?,The gathered community together,The meaning of the text is discerned by the local community of believers as they collectively seek the guidance of the Spirit within their specific context.,Communal Discernment,70,N/A,70,70,N/A,80,N/A,40,N/A,N/A,80,95
SCR_09_A06,SCR_09,Who has the authority to definitively interpret Scripture for the Church?,The individual believer,"While teachers and traditions are helpful, the individual, guided by the Spirit, is ultimately responsible for interpreting the text’s meaning.",Individual Interpretation,85,N/A,90,80,N/A,100,N/A,100,N/A,N/A,40,85
SCR_09_A07,SCR_09,Who has the authority to definitively interpret Scripture for the Church?,Human reason and conscience,"The final test of the text's meaning and relevance is the individual's own reason and moral conscience, informed by modern knowledge and experience.",Rationalism,100,N/A,100,100,N/A,100,N/A,100,N/A,N/A,100,0
SAL_03_A01,SAL_03,What is the primary meaning of Christ's death on the cross?,A legal substitution for punishment,"Christ’s death was primarily a sacrifice where He bore the specific legal penalty and divine wrath deserved by humanity, satisfying the demands of justice.",Penal Substitutionary Atonement,0,N/A,40,10,N/A,N/A,0,85,N/A,N/A,0,10
SAL_03_A02,SAL_03,What is the primary meaning of Christ's death on the cross?,A victory over death and evil powers,"Christ’s death and resurrection was primarily a triumph that liberated humanity from bondage to death, the devil, and the powers of evil.",Christus Victor,20,N/A,0,0,N/A,N/A,10,10,N/A,N/A,30,60
SAL_03_A08,SAL_03,What is the primary meaning of Christ's death on the cross?,A restoration of God's offended honor,"Christ’s death was an offering of infinite value that made satisfaction to God for the insult of human sin, restoring the balance of justice and honor.",Satisfaction Theory,10,N/A,30,15,N/A,N/A,20,50,N/A,N/A,20,0
SAL_03_A05,SAL_03,What is the primary meaning of Christ's death on the cross?,A healing and perfection of human nature,"Christ’s death was the climax of His life, where He retraced and ""re-did"" the human experience to heal our nature from within and unite us to God.",Recapitulation Theory,30,N/A,10,25,N/A,N/A,30,0,N/A,N/A,40,70
SAL_03_A06,SAL_03,What is the primary meaning of Christ's death on the cross?,A demonstration to uphold moral order,"Christ’s death was not a direct payment for sins, but a public demonstration of the seriousness of sin intended to maintain the integrity of God’s moral government.",Governmental Theory,50,N/A,50,50,N/A,N/A,60,30,N/A,N/A,50,30
SAL_03_A07,SAL_03,What is the primary meaning of Christ's death on the cross?,A demonstration of love that inspires change,"Christ’s death was primarily a supreme display of God’s love intended to soften the human heart, leading individuals to repentance and moral transformation.",Moral Influence Theory,85,N/A,80,80,N/A,N/A,90,100,N/A,N/A,80,90
SAL_03_A10,SAL_03,What is the primary meaning of Christ's death on the cross?,A symbolic or mythic representation of truth,"Christ’s death is a profound symbol or myth that expresses timeless spiritual truths about sacrifice and renewal, rather than an objective transaction with God.",Symbolic Atonement,100,N/A,100,100,N/A,N/A,100,70,N/A,N/A,100,100
SAL_06_A01,SAL_06,What is the relationship between divine sovereignty and human free will in salvation?,God actively decrees both who is saved and who is damned,"God's ultimate choice is the direct cause of where everyone ends up; He actively selects certain individuals for salvation and actively selects the rest for damnation, fully determining human choices.",Symmetrical Double Predestination,0,N/A,25,0,N/A,N/A,0,N/A,N/A,N/A,0,N/A
SAL_06_A02,SAL_06,What is the relationship between divine sovereignty and human free will in salvation?,God elects some to be saved and leaves the rest to their sin,"God chooses certain individuals to be saved and ensures they will believe, but He simply passes over the rest, allowing them to follow their own fallen desires and face the consequences.",Asymmetrical Double Predestination,10,N/A,30,10,N/A,N/A,10,N/A,N/A,N/A,15,N/A
SAL_06_A03,SAL_06,What is the relationship between divine sovereignty and human free will in salvation?,"God provides sufficient grace to all, but provides special grace to the elect that guarantees free response","God gives enough grace for anyone to be saved, but He gives a special, highly effective grace to His chosen people that guarantees they will freely and willingly choose to follow Him.",Efficacious Grace,20,N/A,15,20,N/A,N/A,20,N/A,N/A,N/A,40,N/A
SAL_06_A04,SAL_06,What is the relationship between divine sovereignty and human free will in salvation?,"God gives faith as a pure gift, but humans can reject it","Salvation is given purely as a gift without any human decision, cooperation, or effort; however, individuals retain the power to actively resist and reject this saving grace.",Resistible Monergism,30,N/A,35,30,N/A,N/A,30,N/A,N/A,N/A,30,N/A
SAL_06_A05,SAL_06,What is the relationship between divine sovereignty and human free will in salvation?,God initiates salvation; the weakened human will must actively strive to align with it,"The human will, damaged but not destroyed by the fall, retains a natural capacity to respond. Divine grace always initiates and sustains the process, but the individual must exert their own continuous effort to participate in and unite with God's saving action.",Synergism,50,N/A,0,60,N/A,N/A,65,N/A,N/A,N/A,70,N/A
SAL_06_A09,SAL_06,What is the relationship between divine sovereignty and human free will in salvation?,God restores the will so humans can choose to believe,"People are completely unable to choose God on their own, but God gives a universal grace to everyone that heals the human will just enough so that an individual can make the final choice to believe or reject Him.",Prevenient Grace,40,N/A,45,50,N/A,N/A,50,N/A,N/A,N/A,60,N/A
SAL_06_A08,SAL_06,What is the relationship between divine sovereignty and human free will in salvation?,"God provides the Gospel, which humans naturally can accept","Humanity inherently possesses the natural capacity to hear, understand, and believe the Gospel message; no separate, inward ""prevenient grace"" is required before a person can make the choice.",Provisionism,70,N/A,70,85,N/A,N/A,85,N/A,N/A,N/A,85,N/A
SAL_06_A10,SAL_06,What is the relationship between divine sovereignty and human free will in salvation?,God leaves salvation entirely to unassisted human moral effort,Humanity possesses the complete natural autonomy and moral power to live perfectly and choose the good without any absolute need for special divine grace or intervention.,Absolute Human Autonomy,100,N/A,100,100,N/A,N/A,100,N/A,N/A,N/A,100,N/A
SAL_07_A01,SAL_07,How is a person justified before God?,A pure gift requiring no human action or response,"God declares certain people righteous entirely apart from any human response, including faith; human belief is simply waking up to a status God already granted from eternity.",Eternal Justification,0,N/A,60,0,N/A,100,0,100,N/A,100,40,0
SAL_07_A02,SAL_07,How is a person justified before God?,A permanent legal declaration through trusting Christ alone,"God legally declares a person right with Him based solely on their trust in Christ. This standing is a permanent gift that cannot be lost, though genuine trust will naturally lead to a changed life.",Forensic Justification (Eternal Security),10,N/A,40,10,N/A,90,10,90,N/A,95,0,10
SAL_07_A03,SAL_07,How is a person justified before God?,A conditional legal declaration through trusting Christ alone,"God legally declares a person right with Him based solely on their trust in Christ. However, this standing requires ongoing trust and can be lost if a person entirely abandons the faith.",Forensic Justification (Conditional Security),15,N/A,50,60,N/A,80,30,80,N/A,85,10,30
SAL_07_A07,SAL_07,How is a person justified before God?,A declaration enacted at the moment of water baptism,"God forgives and accepts a person by grace through faith, but this specific legal declaration and spiritual cleansing occurs strictly at the moment of water baptism.",Baptismal Justification,40,N/A,20,50,N/A,30,40,40,N/A,20,30,50
SAL_07_A08,SAL_07,How is a person justified before God?,An inward transformation requiring cooperative love and works,"God does not just legally declare a person right, but actually makes them inwardly righteous through grace. This requires lifelong cooperation, where faith must be expressed in love and good works.",Infused Righteousness,20,N/A,10,30,N/A,0,60,20,N/A,0,50,80
SAL_07_A09,SAL_07,How is a person justified before God?,A progressive healing and union with God's life,"Becoming right with God is not primarily a legal transaction, but a lifelong process of healing human nature and participating in God's own life and energies.",Theosis,30,N/A,0,20,N/A,15,70,10,N/A,10,70,100
SAL_07_A10,SAL_07,How is a person justified before God?,A foundational grace completed by strict obedience,"God provides foundational grace and forgiveness, but ultimate acceptance and justification require a person's strict obedience to divine commandments, laws, and ordinances.",Covenantal Nomism,70,N/A,80,80,N/A,60,85,0,N/A,70,85,70
SAL_07_A12,SAL_07,How is a person justified before God?,A status earned through moral behavior and human effort,"A person's ultimate standing is based primarily on their own good deeds, ethical behavior, and moral self-improvement, without a need for supernatural grace.",Moralism,100,N/A,100,100,N/A,100,100,100,N/A,100,100,90
SAL_08_A01,SAL_08,What must a person do to be saved?,"Faith, active love, and participation in the sacraments","Salvation requires faith that cooperates with grace through the church's sacraments, alongside ongoing repentance and good works.",Sacramental Synergy,40,N/A,0,25,N/A,0,70,0,N/A,0,30,60
SAL_08_A02,SAL_08,What must a person do to be saved?,"Faith alone, which is delivered through the sacraments","Salvation requires only faith, but God specifically creates and delivers this saving faith through the external means of preaching, baptism, and communion.",Sacramental Means of Grace,15,N/A,15,10,N/A,30,10,30,N/A,10,40,30
SAL_08_A03,SAL_08,What must a person do to be saved?,"Faith alone, with sacraments acting as confirming seals","Salvation requires only faith; the sacraments do not save, but are commanded by God as visible signs and seals that confirm His promises to the believer.",Covenantal Faith,10,N/A,25,20,N/A,60,20,60,N/A,70,60,0
SAL_08_A09,SAL_08,What must a person do to be saved?,"Faith, repentance, and essential sacred rites","Salvation and ultimate exaltation require faith, repentance, lifelong obedience to God's laws, and participation in specific essential ordinances or temple rites.",Exaltation to Godhood,70,N/A,75,75,N/A,10,95,10,N/A,30,10,80
SAL_08_A04,SAL_08,What must a person do to be saved?,"Faith, repentance, and water baptism","Salvation requires a person to believe, repent of their sins, and be immersed in water baptism, which is the specific moment forgiveness is granted.",Baptismal Regeneration,50,N/A,65,35,N/A,50,50,40,N/A,20,0,50
SAL_08_A06,SAL_08,What must a person do to be saved?,Personal faith and inward repentance alone,"Salvation requires only a personal, inward decision to trust Christ and repent of sin; all rituals, including baptism, are merely symbolic acts of obedience after salvation.",Non-Sacramental Sola Fide,20,N/A,85,45,N/A,90,40,90,N/A,90,50,50
SAL_08_A08,SAL_08,What must a person do to be saved?,Initial faith followed by a life of perseverance,"Salvation requires a person to initially believe and repent, but they must also continually persevere in faith and obedient living to the end of their life to remain saved.",Conditional Security,30,N/A,50,55,N/A,80,60,70,N/A,85,50,70
SAL_08_A05,SAL_08,What must a person do to be saved?,Nothing; salvation is exclusively God's independent action,Human beings do not and cannot do anything to be saved; salvation is entirely a sovereign act of God applied to His people without requiring human conditions or decisions.,Hyper-Calvinism,0,N/A,40,0,N/A,100,0,100,N/A,100,70,10
SAL_08_A11,SAL_08,What must a person do to be saved?,Following the inner divine light,"Salvation is realized by turning inward to listen to and obey the divine light or spirit present within all people, leading to a life of righteous action.",Inner Light,85,N/A,95,90,N/A,100,85,100,N/A,100,85,90
SAL_08_A12,SAL_08,What must a person do to be saved?,Living an ethical and compassionate life,"Salvation is ultimately universal or achieved through moral living; being a loving, ethical person matters more than performing religious rituals or holding specific doctrinal beliefs.",Universal Moralism,100,N/A,100,100,N/A,100,100,100,N/A,100,100,100
SAL_14_A01,SAL_14,Is faith in Jesus Christ the only way to be saved?,"Yes, conscious faith in Christ during this life is strictly required","Salvation is exclusively found through explicit, conscious faith in Jesus Christ before death; no other path or post-mortem opportunity exists.",Strict Exclusivism,0,N/A,0,0,0,N/A,N/A,N/A,N/A,N/A,0,0
SAL_14_A05,SAL_14,Is faith in Jesus Christ the only way to be saved?,"Yes, but those who never hear the Gospel may accept it after death","Explicit faith in Jesus Christ is the absolute requirement for salvation, but God provides an opportunity in the afterlife for those who died without a fair chance to hear and accept the message.",Post-Mortem Evangelization,20,N/A,50,20,20,N/A,N/A,N/A,N/A,N/A,30,30
SAL_14_A02,SAL_14,Is faith in Jesus Christ the only way to be saved?,"Christ is the only Savior, but His grace may reach those who do not know Him","Jesus is the only source of salvation, but God's mercy may mysteriously extend to those who, through no fault of their own, do not explicitly know Christ but sincerely seek God and live according to their conscience.",Inclusivism,40,N/A,60,40,50,N/A,N/A,N/A,N/A,N/A,50,70
SAL_14_A06,SAL_14,Is faith in Jesus Christ the only way to be saved?,"Christ is the only Savior, and He will ultimately save everyone","Jesus is the sole source of salvation, and His redemptive work is so complete that He will eventually draw all human beings to Himself, resulting in the ultimate reconciliation of everyone.",Christian Universalism,60,N/A,30,60,70,N/A,N/A,N/A,N/A,N/A,60,50
SAL_14_A03,SAL_14,Is faith in Jesus Christ the only way to be saved?,"No, Jesus is one of many equally valid paths to God","Jesus Christ is the distinct path for Christians, but other world religions and spiritual traditions provide equally valid, independent paths to God and ultimate salvation.",Religious Pluralism,85,N/A,90,85,90,N/A,N/A,N/A,N/A,N/A,85,90
SAL_14_A04,SAL_14,Is faith in Jesus Christ the only way to be saved?,"Salvation is an inner spiritual awakening, not exclusive to Jesus","Salvation is achieved through spiritual enlightenment, metaphysical understanding, or realizing one's inner divinity, rather than relying on the historical person or work of Jesus.",Metaphysical Salvation,100,N/A,100,100,100,N/A,N/A,N/A,N/A,N/A,100,100
CHR_01_A01,CHR_01,What is the fundamental nature of the Church?,"A visible, global institution and mystical body","The Church is a single, visible, worldwide society that was historically established by Christ and serves as His mystical body on earth.",Institutional Ecclesiology,0,N/A,0,0,90,0,N/A,0,10,10,70,N/A
CHR_01_A02,CHR_01,What is the fundamental nature of the Church?,A communion of sacramental communities,The Church is fundamentally a sacramental and eucharistic communion; it is fully present wherever the local community gathers around the Eucharist in historic succession.,Eucharistic Ecclesiology,10,N/A,10,10,60,20,N/A,10,0,0,80,N/A
CHR_01_A03,CHR_01,What is the fundamental nature of the Church?,The assembly where the Word and Sacraments are pure,The true Church exists wherever the Gospel is purely preached and the holy sacraments are administered according to Christ's institution.,Confessional Ecclesiology,20,N/A,30,40,40,40,N/A,40,30,30,30,N/A
CHR_01_A04,CHR_01,What is the fundamental nature of the Church?,The visible covenant community of God,"The Church is the visible covenant family of God throughout the world, consisting of all those who profess the true religion, together with their children.",Covenantal Ecclesiology,30,N/A,40,70,80,50,N/A,30,40,60,45,N/A
CHR_01_A08,CHR_01,What is the fundamental nature of the Church?,An exclusively restored divine organization,The true Church was lost to apostasy for centuries but has been exclusively restored by God in the modern era with reinstated divine truth and authority.,Restorationism,80,N/A,75,30,0,10,N/A,60,50,50,15,N/A
CHR_01_A05,CHR_01,What is the fundamental nature of the Church?,"A gathered, voluntary community of true believers","The visible Church is fundamentally a gathered community consisting exclusively of individuals who have personally believed, been baptized, and covenanted together.",Believers' Church,50,N/A,60,80,20,75,N/A,80,80,80,0,N/A
CHR_01_A07,CHR_01,What is the fundamental nature of the Church?,A community organized for social justice and healing,"The Church is primarily a prophetic community of Jesus-followers organized to enact social justice, pursue peace, and bring about earthly renewal.",Social Gospel,100,N/A,100,100,100,90,N/A,90,90,100,100,N/A
CHR_01_A06,CHR_01,What is the fundamental nature of the Church?,"The invisible, spiritual fellowship of all true believers","The true Church is not a visible earthly organization or denomination, but the unseen, spiritual body of all genuine believers known only to God.",Invisible Ecclesiology,60,N/A,90,60,70,100,N/A,100,100,90,60,N/A
CHR_09_A01,CHR_09,Is there an apostolic succession of bishops necessary for a valid church?,"Yes, an unbroken chain of bishops is required","A true church requires bishops who have been ordained in an unbroken, historic physical line from the original apostles to guarantee valid sacraments and authority.",Tactile Apostolic Succession,0,N/A,0,0,N/A,0,N/A,0,0,0,0,N/A
CHR_09_A02,CHR_09,Is there an apostolic succession of bishops necessary for a valid church?,"Yes, it is the historic norm, though God may work outside it","The historic succession of bishops is the normal and expected structure for the church, though God's grace can still operate in communities lacking this unbroken chain.",Normative Historic Episcopate,15,N/A,15,25,N/A,20,N/A,20,20,20,30,N/A
CHR_09_A07,CHR_09,Is there an apostolic succession of bishops necessary for a valid church?,"No, true authority was lost and had to be restored","The historic chain of authority was completely broken by apostasy, so valid church authority had to be restored directly by God through new messengers.",Restorationism,80,N/A,70,10,N/A,10,N/A,80,30,30,10,N/A
CHR_09_A03,CHR_09,Is there an apostolic succession of bishops necessary for a valid church?,"It is a beneficial historic sign, but not strictly necessary","Maintaining a historic line of bishops is a valuable sign of unity and historical continuity, but a church is fully valid and real without it.",Beneficial Historic Episcopate,30,N/A,30,50,N/A,40,N/A,40,40,60,75,N/A
CHR_09_A05,CHR_09,Is there an apostolic succession of bishops necessary for a valid church?,"No, succession is carried by faithful doctrine and an ordered ministry","Apostolic continuity is not a physical chain of bishops, but the faithful transmission of the apostles' teaching through an officially ordained, interconnected ministry.",Ministerial Succession,45,N/A,40,70,N/A,50,N/A,50,60,70,60,N/A
CHR_09_A06,CHR_09,Is there an apostolic succession of bishops necessary for a valid church?,"No, an unbroken line of human leaders is irrelevant",The validity of a church does not depend on any historical chain of bishops or clergy. A true church is validated solely by its present faithfulness to Christ and the Spirit.,Free Church Ecclesiology,100,N/A,100,100,N/A,100,N/A,100,100,100,100,N/A
CHR_10_A04,CHR_10,Who mediates the relationship between the individual believer and God?,Christ mediates through a uniquely restored earthly priesthood,"Christ is the ultimate mediator, but receiving His saving covenants requires the authority of a uniquely restored earthly priesthood; departed saints do not intercede for us.",Restored Sacerdotalism,80,N/A,70,N/A,N/A,10,N/A,50,N/A,20,60,40
CHR_10_A01,CHR_10,Who mediates the relationship between the individual believer and God?,"Christ uniquely mediates, but through the ordained priesthood and heavenly saints","Christ is the one mediator, but He distributes His saving grace through the Church's earthly ordained priesthood and welcomes the intercessory prayers of the departed saints.",Participatory Mediation,0,N/A,0,N/A,N/A,0,N/A,0,N/A,0,40,20
CHR_10_A02,CHR_10,Who mediates the relationship between the individual believer and God?,"Christ mediates alone, ordinarily through the Church's earthly ministry","Christ is the sole mediator and ordinarily delivers His grace through the Church's earthly ministry of Word and Sacrament, but departed saints are not invoked.",Ministerial Dispensation,20,N/A,30,N/A,N/A,40,N/A,30,N/A,40,20,0
CHR_10_A03,CHR_10,Who mediates the relationship between the individual believer and God?,Christ alone mediates; every believer has direct access,"Jesus Christ is the sole mediator; every believer has immediate, direct access to God without any need for intervening earthly priests, institutional structures, or departed saints.",Direct Access to God,40,N/A,50,N/A,N/A,90,N/A,80,N/A,90,0,70
CHR_10_A05,CHR_10,Who mediates the relationship between the individual believer and God?,"Direct, unmediated inner spiritual communion","Every person has direct access to the Divine through inward spiritual communion, making external mediators, clergy, and physical religious structures unnecessary.",Inner Light,100,N/A,100,N/A,N/A,100,N/A,100,N/A,100,100,100
CHR_13_A01,CHR_13,Should women be allowed to be ordained as official church leaders?,"No, all formal leadership and teaching roles are reserved for men",The formal offices of the church and all official teaching or directorial roles are reserved exclusively for men; women do not hold official ministry titles or public teaching positions.,Strict Complementarianism,0,0,0,N/A,0,0,N/A,N/A,N/A,20,0,N/A
CHR_13_A06,CHR_13,Should women be allowed to be ordained as official church leaders?,"No, but women may lead and teach in specific, unordained roles","Governing offices and the public teaching of men are reserved for men, but women may hold recognized, unordained roles directing ministries or teaching other women and children.",Broad Complementarianism,10,15,20,N/A,20,15,N/A,N/A,N/A,30,15,N/A
CHR_13_A02,CHR_13,Should women be allowed to be ordained as official church leaders?,"Women may be ordained as deacons, but not as pastors or priests","Women may be formally ordained to the diaconate to serve the church, but the primary teaching, sacramental, and governing offices are reserved for men.",Female Diaconal Ordination,25,30,10,N/A,30,30,N/A,N/A,N/A,10,30,N/A
CHR_13_A04,CHR_13,Should women be allowed to be ordained as official church leaders?,"Women may be ordained, but not to the highest governing office","Women may be ordained to pastoral or teaching roles (e.g., associate pastor or priest), but the position of highest hierarchical authority (such as Senior Pastor / Elder or Bishop) is reserved for men.",Soft Complementarianism,50,50,60,N/A,60,50,N/A,N/A,N/A,70,50,N/A
CHR_13_A07,CHR_13,Should women be allowed to be ordained as official church leaders?,The church does not ordain formal clergy of either gender,"The church rejects the concept of a formal, ordained clergy class altogether; spiritual leadership and public ministry are shared equally among all believers regardless of gender.",Non-Clerical Egalitarianism,75,80,80,N/A,90,100,N/A,N/A,N/A,100,80,N/A
CHR_13_A05,CHR_13,Should women be allowed to be ordained as official church leaders?,"Yes, women may be ordained to any and all offices","Women may be ordained to every level of church leadership available, including the highest hierarchical or teaching offices, with absolutely no restrictions based on gender.",Full Egalitarianism,100,100,100,N/A,100,90,N/A,N/A,N/A,90,100,N/A
SAC_02_A01,SAC_02,What does baptism do (or not do) in salvation?,It is a means of grace that directly causes new birth and washes away sin,"God uses the physical rite of water baptism as the instrumental means to forgive sins, infuse grace, and effect spiritual regeneration.",Baptismal Regeneration,0,N/A,0,0,N/A,N/A,0,0,0,0,0,0
SAC_02_A06,SAC_02,What does baptism do (or not do) in salvation?,It is the specific moment a repentant believer receives formal pardon,"While having no mystical power itself and meriting nothing, immersion is the formal, specific means by which a repentant believer receives God's absolution and release from guilt.",Ordinance of Remission,30,N/A,50,40,N/A,N/A,50,40,30,30,10,20
SAC_02_A02,SAC_02,What does baptism do (or not do) in salvation?,It is a visible sign and seal of God's covenant promises,"It acts as a visible pledge that grafts a person into the visible church and confirms God's promises, but the physical act itself does not automatically guarantee inward regeneration.",Covenantal Sign and Seal,20,N/A,25,20,N/A,N/A,20,15,15,15,30,30
SAC_02_A03,SAC_02,What does baptism do (or not do) in salvation?,It is a symbolic public testimony of a salvation already received,"The rite is purely an outward symbol of an inward reality. It acts as a public profession of faith and an act of obedience, but conveys no saving grace itself.",Memorialism,50,N/A,60,80,N/A,N/A,80,70,80,80,60,70
SAC_02_A04,SAC_02,What does baptism do (or not do) in salvation?,"It is a meaningful community ritual, but not spiritually necessary","Water baptism may hold personal meaning or signify inclusion in a community, but it is not a requirement for salvation or spiritual life.",Optional Ritual,100,N/A,100,100,N/A,N/A,100,90,90,90,100,85
SAC_02_A05,SAC_02,What does baptism do (or not do) in salvation?,Water baptism is unnecessary; true baptism is purely inward,"The physical rite of water baptism is rejected or viewed as entirely unnecessary; the only true and essential baptism is the inward, spiritual baptism by God.",Inward Baptism,80,N/A,80,90,N/A,N/A,90,100,100,100,85,100
SAC_03_A01,SAC_03,Who is the proper recipient of baptism?,Infants of believers and unbaptized converts,"Baptism is properly administered to the infants of church members, as well as to adults who are converting to the faith.",Paedobaptism,0,N/A,0,0,N/A,N/A,0,0,N/A,0,50,0
SAC_03_A03,SAC_03,Who is the proper recipient of baptism?,Only those who personally profess faith,"Baptism is strictly reserved for individuals of any age who are capable of making a personal, conscious profession of faith and repentance.",Credobaptism,20,N/A,50,70,N/A,N/A,85,95,N/A,80,0,85
SAC_03_A04,SAC_03,Who is the proper recipient of baptism?,Children at the age of accountability and adult converts,"Infant baptism is rejected, but children are expected to be baptized once they reach a recognized age of moral accountability, alongside adult converts.",Age of Accountability,30,N/A,70,80,N/A,N/A,90,80,N/A,85,15,70
SAC_03_A05,SAC_03,Who is the proper recipient of baptism?,No one; physical water baptism is not practiced,"The community does not practice physical water baptism for anyone, focusing exclusively on an inward or spiritual baptism.",Inward Baptism,100,N/A,100,100,N/A,N/A,100,100,N/A,100,100,100
WOR_05_A01,WOR_05,What is the role of emotion and personal experience in worship and faith?,Worship must be strictly reverent and objective,"Worship focuses entirely on solemn reverence and biblical truth. Outward emotional displays are discouraged, and the focus is on duty and the mind rather than the feelings.",Objective Solemnity,0,N/A,0,100,N/A,0,N/A,0,0,N/A,N/A,0
WOR_05_A02,WOR_05,What is the role of emotion and personal experience in worship and faith?,"Emotions are a valid response, but truth and order must lead","Worship is centered on the objective teaching of truth and an orderly service. Personal feelings are natural and welcome, but they do not dictate or drive how the worship is conducted.",Regulative Principle of Order,15,N/A,20,85,N/A,20,N/A,20,15,N/A,N/A,15
WOR_05_A03,WOR_05,What is the role of emotion and personal experience in worship and faith?,Heartfelt sincerity within a structured service,"True worship requires deep, personal, internal conviction and warmth. While emotional sincerity is highly valued, the service itself remains organized, planned, and orderly.",Pietism,30,N/A,40,60,N/A,40,N/A,50,40,N/A,N/A,40
WOR_05_A04,WOR_05,What is the role of emotion and personal experience in worship and faith?,Highly vocal and physically expressive worship,"Worship is energetic and outwardly expressive. Practices like shouting, weeping, dancing, clapping, or vocal responses are normal, expected ways to passionately praise God.",Revivalism,60,N/A,60,40,N/A,60,N/A,75,65,N/A,N/A,70
WOR_05_A07,WOR_05,What is the role of emotion and personal experience in worship and faith?,"Seeking a tangible, supernatural manifestation","The primary goal is for the Holy Spirit to tangibly move in the room. Worship is intentionally flexible to allow for spontaneous spiritual gifts like prophecy, physical healing, or speaking in tongues.",Charismatic Encounter,80,N/A,80,0,N/A,85,N/A,85,85,N/A,N/A,85
WOR_05_A06,WOR_05,What is the role of emotion and personal experience in worship and faith?,Unplanned reliance on spontaneous inner promptings,"Worship completely abandons planned structures, songs, or leaders. The community waits in stillness until the Spirit directly prompts someone to speak, pray, or act.",Unprogrammed Worship,100,N/A,100,10,N/A,100,N/A,100,100,N/A,N/A,100
WOR_06_A06,WOR_06,"Is it appropriate to use physical images, icons, or statues in worship and devotion?",Both flat images and statues are honored and used for devotion,"Paintings, icons, and three-dimensional statues are all warmly embraced and actively used as focal points for prayer, honor, and devotion.",Comprehensive Iconodulism,N/A,N/A,0,0,N/A,N/A,N/A,N/A,0,0,100,100
WOR_06_A05,WOR_06,"Is it appropriate to use physical images, icons, or statues in worship and devotion?","Flat images are honored and venerated, but statues are avoided","Flat images (icons) are essential to worship and are actively honored (e.g., kissed or given incense), but three-dimensional statues are avoided in the sanctuary.",Restricted Iconodulism,N/A,N/A,10,15,N/A,N/A,N/A,N/A,10,15,85,80
WOR_06_A04,WOR_06,"Is it appropriate to use physical images, icons, or statues in worship and devotion?",Images are helpful tools to focus the mind during prayer,"Art, such as crucifixes or paintings, are intentionally placed in worship spaces as valuable tools to help focus the mind on Christ, though they are not physically venerated.",Didactic Iconism,N/A,N/A,30,50,N/A,N/A,N/A,N/A,40,50,60,50
WOR_06_A02,WOR_06,"Is it appropriate to use physical images, icons, or statues in worship and devotion?",Visual depictions should be kept out of the worship space,"Images may exist for education outside the church, but the sanctuary itself should be plain and free of visual depictions of the divine to avoid distraction.",Sanctuary Aniconism,N/A,N/A,45,90,N/A,N/A,N/A,N/A,90,90,15,15
WOR_06_A01,WOR_06,"Is it appropriate to use physical images, icons, or statues in worship and devotion?",All religious images of the divine must be strictly avoided,Any visual depiction of God or Jesus should be strictly avoided everywhere—both in church and at home—as they inherently violate the commandment against idolatry.,Strict Iconoclasm,N/A,N/A,60,100,N/A,N/A,N/A,N/A,100,100,0,0
WOR_06_A03,WOR_06,"Is it appropriate to use physical images, icons, or statues in worship and devotion?","Art is acceptable as decoration, but not as an aid for prayer","Visual art and crosses are acceptable as background decoration or teaching tools, but they should never be used as a focal point for prayer or devotion.",Non-Devotional Ornamentation,N/A,N/A,100,75,N/A,N/A,N/A,N/A,70,75,35,30
WOR_08_A07,WOR_08,"Are spiritual gifts such as prophecy, speaking in tongues, and healing for today?","Active today, flowing freely and ecstatically","Spiritual gifts are actively expected and practiced freely with minimal formal oversight, prioritizing spontaneous, ecstatic encounters with the Spirit.",Neo-Pentecostalism,80,N/A,100,0,N/A,100,N/A,N/A,100,N/A,10,100
WOR_08_A06,WOR_08,"Are spiritual gifts such as prophecy, speaking in tongues, and healing for today?","Active today, with tongues highly emphasized","All gifts continue, and speaking in tongues is highly emphasized as the essential, initial physical evidence of the baptism in the Holy Spirit.",Classical Pentecostalism,60,N/A,60,10,N/A,85,N/A,N/A,85,N/A,0,85
WOR_08_A04,WOR_08,"Are spiritual gifts such as prophecy, speaking in tongues, and healing for today?","Active today, but practiced with careful order","All spiritual gifts continue and should be desired, but they must be carefully evaluated and practiced with structured biblical order in worship.",Third Wave Continuationism,40,N/A,80,30,N/A,60,N/A,N/A,60,N/A,30,50
WOR_08_A02,WOR_08,"Are spiritual gifts such as prophecy, speaking in tongues, and healing for today?","Not actively expected, but God may still act","While God still heals and performs miracles, the specific supernatural gifts of prophecy and tongues are not expected or pursued as regular ministries today.",Soft Cessationism,20,N/A,20,70,N/A,30,N/A,N/A,20,N/A,70,25
WOR_08_A01,WOR_08,"Are spiritual gifts such as prophecy, speaking in tongues, and healing for today?",They ended with the apostles,These specific miraculous gifts were uniquely given to authenticate the early church and have completely ceased today.,Hard Cessationism,0,N/A,0,100,N/A,10,N/A,N/A,0,N/A,100,0
WOR_17_A01,WOR_17,What is the nature and significance of Mary?,"Born without sin, Mother of God, ever-virgin, and prayed to","She was miraculously preserved from all sin from conception, is the Mother of God, remained a virgin forever, and is actively invoked in prayer.",Immaculate Conception,10,N/A,15,0,N/A,N/A,N/A,N/A,N/A,0,70,N/A
WOR_17_A02,WOR_17,What is the nature and significance of Mary?,"Born with original sin, Mother of God, ever-virgin, and prayed to","She is the Mother of God and remained a virgin forever, and we ask for her prayers, but she was born with standard human limits (ancestral sin).",Orthodox Mariology,0,N/A,0,10,N/A,N/A,N/A,N/A,N/A,10,60,N/A
WOR_17_A03,WOR_17,What is the nature and significance of Mary?,"Mother of God and ever-virgin, but not prayed to","She is the Mother of God (since Jesus is divine) and remained a virgin her whole life, but she should not be prayed to or treated as a mediator.",Non-Devotional Perpetual Virginity,20,N/A,40,30,N/A,N/A,N/A,N/A,N/A,50,40,N/A
WOR_17_A04,WOR_17,What is the nature and significance of Mary?,"Mother of God, but had other children and is not prayed to","She is the Mother of God (because Jesus is fully divine), but she later had other children naturally with Joseph, and we do not pray to her.",Protestant Theotokos,30,N/A,75,60,N/A,N/A,N/A,N/A,N/A,90,10,N/A
WOR_17_A05,WOR_17,What is the nature and significance of Mary?,"Mother of the human Jesus only, ever-virgin, and honored in liturgy","She is the mother of the human Messiah, not the ""Mother of God."" She remained a virgin forever and is honored and invoked in the church's liturgy.",Nestorian Mariology,50,N/A,30,70,N/A,N/A,N/A,N/A,N/A,40,25,N/A
WOR_17_A06,WOR_17,What is the nature and significance of Mary?,"Mother of the human Jesus only, had other children, and no prayer","She is simply the earthly mother of Jesus, not the ""Mother of God."" She later had other children normally, and we do not pray to her or elevate her.",Low-Church Anti-Marianism,70,N/A,85,80,N/A,N/A,N/A,N/A,N/A,95,0,N/A
WOR_17_A07,WOR_17,What is the nature and significance of Mary?,A vessel for a heavenly body; she did not provide Jesus flesh,"Jesus brought His physical body from heaven and merely passed through her like water through a pipe, meaning she did not provide His human flesh.",Celestial Flesh Christology,85,N/A,60,50,N/A,N/A,N/A,N/A,N/A,70,85,N/A
WOR_17_A09,WOR_17,What is the nature and significance of Mary?,A natural human mother; the virgin birth is not literal,She was a virtuous historical woman who conceived Jesus naturally with a human father; the virgin birth is a theological legend or metaphor.,Psilanthropism,100,N/A,100,100,N/A,N/A,N/A,N/A,N/A,100,100,N/A
WOR_18_A01,WOR_18,"What role, if any, do Mary and the departed saints have in the Christian life?",Powerful patrons who directly grant miracles and favors,"They are potent spiritual patrons who can directly provide protection, healings, and earthly favors in response to rituals and devotion.",Folk Veneration,10,N/A,70,0,N/A,N/A,N/A,10,N/A,0,0,100
WOR_18_A02,WOR_18,"What role, if any, do Mary and the departed saints have in the Christian life?",Honored members of the Church who intercede for us,"They are alive in Christ, actively interceding for the world, and should be highly honored and asked for their prayers just like living believers on earth.",Veneration of Saints,0,N/A,0,15,N/A,N/A,N/A,0,N/A,15,15,85
WOR_18_A03,WOR_18,"What role, if any, do Mary and the departed saints have in the Christian life?","We may ask for their prayers, but it is not required","It is permissible to privately ask them to pray for us, as they are alive in Christ, but this is a personal devotion and not a required practice.",Permissible Invocation,30,N/A,30,40,N/A,N/A,N/A,30,N/A,40,40,60
WOR_18_A04,WOR_18,"What role, if any, do Mary and the departed saints have in the Christian life?","Conscious in God's presence and inspiring, but we pray only to Him","The departed saints are consciously alive in heaven and serve as inspiring examples of faith, but directing prayers to them is inappropriate because prayer is an act of worship reserved exclusively for God.",Historical Commemoration,50,N/A,50,70,N/A,N/A,N/A,75,N/A,85,70,0
WOR_18_A05,WOR_18,"What role, if any, do Mary and the departed saints have in the Christian life?",Unconscious in death and awaiting the resurrection,"The dead are completely unconscious (asleep) until the future bodily resurrection. Because they are not currently active or awake in heaven, they cannot hear prayers or interact with the living.",Christian Mortalism,90,N/A,90,100,N/A,N/A,N/A,100,N/A,100,90,20
ESC_02_A01,ESC_02,"Will the Church be physically removed from the earth (the ""Rapture"") before the final period of great tribulation?","Yes, removed entirely before a future tribulation","Believers will be physically caught up to heaven to escape a literal, future seven-year period of global tribulation before Christ returns to earth.",Pre-Tribulationism,50,N/A,85,0,0,N/A,N/A,80,N/A,N/A,0,N/A
ESC_02_A05,ESC_02,"Will the Church be physically removed from the earth (the ""Rapture"") before the final period of great tribulation?","Yes, removed during a future tribulation",Believers will endure the first part of a future literal tribulation (the wrath of man/Antichrist) but will be caught up before God pours out His ultimate wrath.,Mid-Tribulationism,60,N/A,90,10,15,N/A,N/A,85,N/A,N/A,15,N/A
ESC_02_A02,ESC_02,"Will the Church be physically removed from the earth (the ""Rapture"") before the final period of great tribulation?","No, the Church endures the entire future tribulation","Believers will remain on earth throughout a future literal period of great tribulation, being caught up to meet Christ only at His final, visible return.",Post-Tribulationism,15,N/A,15,20,30,N/A,N/A,40,N/A,N/A,30,N/A
ESC_02_A06,ESC_02,"Will the Church be physically removed from the earth (the ""Rapture"") before the final period of great tribulation?","No, the ""Great Tribulation"" already occurred in the past","The period of great tribulation described in the New Testament was largely fulfilled in the first century (e.g., the destruction of Jerusalem). The Church now awaits only a single, final return.",Partial Preterism,30,N/A,30,70,60,N/A,N/A,20,N/A,N/A,60,N/A
ESC_02_A03,ESC_02,"Will the Church be physically removed from the earth (the ""Rapture"") before the final period of great tribulation?","No, tribulation is the ongoing experience of the Church","There is no distinct future 7-year tribulation or secret rapture. The Church experiences tribulation throughout history and awaits a single, simultaneous return and resurrection.",Amillennialism,0,N/A,0,50,80,N/A,N/A,0,N/A,N/A,80,N/A
ESC_02_A04,ESC_02,"Will the Church be physically removed from the earth (the ""Rapture"") before the final period of great tribulation?","No, these accounts are entirely symbolic","The concepts of a ""rapture"" and ""tribulation"" are ancient metaphors for spiritual struggles, political liberation, or the triumph of good over evil, not literal historical events.",Symbolic Eschatology,100,N/A,100,100,100,N/A,N/A,100,N/A,N/A,100,N/A
ESC_06_A04,ESC_06,What happens to believers immediately after death?,Entrance into a temporary spirit world for learning and service,"Spirits enter a temporary realm to continue learning, progress, and serve as missionaries to those who did not hear the truth on earth.",Intermediate Spirit World,75,N/A,60,45,N/A,30,70,30,N/A,30,20,80
ESC_06_A06,ESC_06,What happens to believers immediately after death?,Reincarnation into a new earthly life,"The soul passes into another earthly body to continue its spiritual evolution, learn new lessons, or pay off karmic debt.",Christian Reincarnation,90,N/A,90,60,N/A,100,100,100,N/A,100,90,90
ESC_06_A02,ESC_06,What happens to believers immediately after death?,"Immediate judgment, followed by heaven or temporary purification",The soul undergoes a particular judgment and either enters heaven immediately or undergoes a temporary period of purification to achieve the holiness necessary for heaven.,Purgatorial Purification,10,N/A,15,15,N/A,0,40,10,N/A,0,40,60
ESC_06_A07,ESC_06,What happens to believers immediately after death?,"A spiritual journey to a foretaste of heaven, aided by the Church","The soul embarks on a spiritual journey of testing (often described as passing through aerial toll houses), heavily aided by the prayers of the living, before entering a conscious foretaste of final joy.",Aerial Toll Houses,0,N/A,0,0,N/A,10,50,0,N/A,15,60,100
ESC_06_A01,ESC_06,What happens to believers immediately after death?,"Immediate, conscious presence with God in heaven","The soul separates from the body and immediately enters into the conscious, joyful presence of the Lord, requiring no further purification, while awaiting the bodily resurrection.",Immediate Conscious Presence,30,N/A,30,30,N/A,80,0,80,N/A,80,0,40
ESC_06_A03,ESC_06,What happens to believers immediately after death?,Unconscious sleep until the bodily resurrection,"The dead enter a state of total unconsciousness, knowing nothing and experiencing no passage of time, until God resurrects them at the end of the age.",Christian Mortalism,60,N/A,80,85,N/A,100,10,90,N/A,100,80,0
ESC_06_A05,ESC_06,What happens to believers immediately after death?,Consciousness ends; believers live on in God's memory and earthly legacy,"Personal consciousness ends permanently at death. """"Eternal life"""" refers to a person's enduring legacy on earth and their objective existence within the eternal memory of God.",Objective Immortality,100,N/A,100,100,N/A,100,90,50,N/A,100,100,10
ESC_07_A01,ESC_07,Which statement best describes the nature of final judgment and hell?,"A state of eternal, conscious separation and suffering","The unrepentant experience a definitive, unending state of conscious separation from God and endure eternal consequences for their sins.",Eternal Conscious Torment,0,N/A,0,0,N/A,N/A,0,N/A,N/A,N/A,0,N/A
ESC_07_A02,ESC_07,Which statement best describes the nature of final judgment and hell?,Complete destruction and cessation of existence,"The unrepentant do not suffer eternally; rather, they face the capital punishment of the soul, resulting in their complete and permanent destruction (non-existence).",Annihilationism,30,N/A,50,60,N/A,N/A,60,N/A,N/A,N/A,30,N/A
ESC_07_A05,ESC_07,Which statement best describes the nature of final judgment and hell?,Temporary suffering followed by a lesser degree of glory,"Most of the wicked will suffer temporarily for their sins, but will ultimately be redeemed into a lesser kingdom of heavenly glory, while only a very few suffer eternal perdition.",Degrees of Glory,60,N/A,70,20,N/A,N/A,85,N/A,N/A,N/A,80,N/A
ESC_07_A03,ESC_07,Which statement best describes the nature of final judgment and hell?,"A temporary, remedial state leading to ultimate salvation","Hell is not eternal punishment, but a temporary, purifying fire designed to correct and cleanse the wicked, ultimately leading to the reconciliation of all people to God.",Universal Reconciliation,80,N/A,30,30,N/A,N/A,30,N/A,N/A,N/A,60,N/A
ESC_07_A04,ESC_07,Which statement best describes the nature of final judgment and hell?,A metaphor for present earthly or psychological suffering,"Hell is not a literal afterlife destination, but a symbolic way of describing the present spiritual, psychological, or sociological alienation humans experience in this life.",Symbolic Eschatology,100,N/A,100,100,N/A,N/A,100,N/A,N/A,N/A,100,N/A
ETH_01_A01,ETH_01,What is the primary source for making ethical decisions?,The direct commands and precepts of the Bible alone,"Moral authority resides solely in the explicit commands and principles found in Scripture, which provide a sufficient guide for every ethical situation.",Strict Biblicism,0,0,30,15,N/A,100,N/A,100,N/A,N/A,0,20
ETH_01_A02,ETH_01,What is the primary source for making ethical decisions?,"An innate moral order and conscience, guided by the Church","God has embedded a universal moral order into human nature that can be known by reason. This conscience guides decisions, with Scripture and authoritative Church teaching providing necessary illumination.",Natural Law Tradition,20,20,0,80,N/A,0,N/A,0,N/A,N/A,50,10
ETH_01_A08,ETH_01,What is the primary source for making ethical decisions?,"The biblical moral law, guided by historic confessions","Ethical decisions are based on Scripture’s moral law (such as the Ten Commandments), interpreted through the lens of historic creeds and confessional standards.",Confessional Ethics,10,10,20,40,N/A,20,N/A,10,N/A,N/A,15,0
ETH_01_A04,ETH_01,What is the primary source for making ethical decisions?,"The direct, inward leading of the Holy Spirit","Ethical decisions are ultimately guided by immediate personal revelation, conscience, or the inward leading of the Spirit in the given moment.",Pneumatic Illumination,60,80,80,0,N/A,100,N/A,100,N/A,N/A,85,100
ETH_01_A03,ETH_01,What is the primary source for making ethical decisions?,Scriptural principles applied through reason and experience,"Scripture is the primary source, but its ethical principles must be practically applied through the necessary lenses of tradition, human reason, and lived experience.",Ethical Prima Scriptura,40,50,60,60,N/A,50,N/A,60,N/A,N/A,60,40
ETH_01_A07,ETH_01,What is the primary source for making ethical decisions?,"The teachings of Jesus, discerned by the local community",Ethical decisions are rooted in the direct teachings of Jesus (like the Sermon on the Mount) and discerned collectively by the gathered community of believers for their specific context.,Communal Discernment,70,60,50,70,N/A,80,N/A,20,N/A,N/A,30,80
ETH_01_A06,ETH_01,What is the primary source for making ethical decisions?,"The overarching principles of love, justice, and harm reduction","Specific ancient biblical rules are secondary to the broader, universal ethical mandates of love, inclusion, and pursuing justice in modern society.",Situation Ethics,100,100,100,100,N/A,90,N/A,80,N/A,N/A,100,70
ETH_05_A01,ETH_05,What is the biblical view on the origins of the universe and humanity?,"Six literal days and a recent, young creation","The universe and humanity were created by God in six literal 24-hour days approximately 6,000 to 10,000 years ago, even if the earth was created with the appearance of age.",Young Earth Creationism,0,N/A,0,0,0,N/A,N/A,N/A,N/A,N/A,0,N/A
ETH_05_A02,ETH_05,What is the biblical view on the origins of the universe and humanity?,An old universe with a recent six-day restoration,"A vast expanse of time exists between the first two verses of Genesis, containing an ancient ruined earth, followed by a recent, literal six-day re-creation.",Gap Creationism,20,N/A,30,15,30,N/A,N/A,N/A,N/A,N/A,15,N/A
ETH_05_A03,ETH_05,What is the biblical view on the origins of the universe and humanity?,"An old universe with direct, special acts of creation","The universe is ancient, but God intervened directly to create different life forms. Genesis is read as long eras (Day-Age), but macro-evolution and common descent are rejected.",Progressive Creationism,30,N/A,45,30,40,N/A,N/A,N/A,N/A,N/A,30,N/A
ETH_05_A04,ETH_05,What is the biblical view on the origins of the universe and humanity?,"An inspired theological framework, not a science book","The creation accounts are brilliant, divinely inspired literary structures designed to convey theological truths about God, humanity, and order, leaving the actual scientific mechanism of origins open.",Literary Framework View,50,N/A,60,50,60,N/A,N/A,N/A,N/A,N/A,70,N/A
ETH_05_A05,ETH_05,What is the biblical view on the origins of the universe and humanity?,God planned or guided the process of evolution,"The universe is ancient, and God used the natural processes of evolution to bring about life. The Genesis days are understood figuratively, either as long geological eras or literary devices.",Theistic Evolution,70,N/A,80,80,85,N/A,N/A,N/A,N/A,N/A,85,N/A
ETH_05_A06,ETH_05,What is the biblical view on the origins of the universe and humanity?,Unguided evolution; the text is purely human myth,"Humanity and the universe arose entirely through natural, unguided evolutionary processes; the Genesis accounts are purely human, ancient mythological attempts to understand origins, devoid of divine inspiration.",Naturalistic Evolution,100,N/A,100,100,100,N/A,N/A,N/A,N/A,N/A,100,N/A
ETH_06_A01,ETH_06,Is participation in warfare or military service permissible for a Christian?,Absolute refusal of violence and military service,"Christians are strictly prohibited from using lethal force or participating in the military, trusting entirely in the ethic of enemy-love and non-resistance.",Christian Pacifism,N/A,100,40,N/A,0,N/A,N/A,85,N/A,N/A,0,N/A
ETH_06_A06,ETH_06,Is participation in warfare or military service permissible for a Christian?,"Military service is permitted, but only as non-combatants","Military service is permissible to aid one's country, but Christians must strictly refuse to bear arms or use lethal force (e.g., serving as medics or cooks).",Non-Combatancy,N/A,85,60,N/A,20,N/A,N/A,70,N/A,N/A,20,N/A
ETH_06_A05,ETH_06,Is participation in warfare or military service permissible for a Christian?,A personal decision based on individual conscience,The church does not enforce a strict dogma on warfare; serving in the military or refusing to do so is a matter of individual liberty and personal conviction before God.,Liberty of Conscience,N/A,70,100,N/A,50,N/A,N/A,100,N/A,N/A,40,N/A
ETH_06_A02,ETH_06,Is participation in warfare or military service permissible for a Christian?,Permissible only under strict conditions of justice,"War is a grave matter but is morally permissible—and sometimes obligatory—if authorized by a legitimate government for a just cause, as a last resort, and fought justly.",Just War Theory,N/A,25,20,N/A,75,N/A,N/A,20,N/A,N/A,60,N/A
ETH_06_A04,ETH_06,Is participation in warfare or military service permissible for a Christian?,A tragic but necessary evil to restrain greater evil,"Violence is always contrary to the ideal of love, but in a fallen world, military force is sometimes a tragic necessity to protect the innocent and restrain tyranny.",Christian Realism,N/A,50,85,N/A,90,N/A,N/A,35,N/A,N/A,100,N/A
ETH_06_A03,ETH_06,Is participation in warfare or military service permissible for a Christian?,A divinely commanded holy war to defeat God's enemies,God can actively command and bless aggressive warfare to destroy evil and advance His kingdom on earth.,Divine Militarism,N/A,0,0,N/A,100,N/A,N/A,0,N/A,N/A,85,N/A
ETH_09_A01,ETH_09,What is the church's appropriate stance toward same-sex relationships and sexual ethics?,Both the attraction itself and the acts are inherently sinful,"Same-sex attraction is not merely a temptation, but a culpable sin of the heart. Individuals are called to repent of these desires and seek total transformation or deliverance.",Strict Prohibition (Side X),0,0,20,N/A,15,N/A,N/A,N/A,N/A,10,0,0
ETH_09_A04,ETH_09,What is the church's appropriate stance toward same-sex relationships and sexual ethics?,All sexual intimacy and marriage are prohibited for everyone,"The church mandates absolute celibacy for all members; all sexual relations and marriages are entirely prohibited for everyone, regardless of orientation.",Universal Celibacy,15,30,0,N/A,0,N/A,N/A,N/A,N/A,25,15,40
ETH_09_A02,ETH_09,What is the church's appropriate stance toward same-sex relationships and sexual ethics?,"The attraction is a non-sinful temptation, but the acts are sinful","Same-sex attraction is a disordered inclination or trial, but it is not a sin unless acted upon. Sexual acts are strictly prohibited, and individuals are called to a life of chastity.",Traditional Chastity (Side Y),25,20,10,N/A,30,N/A,N/A,N/A,N/A,0,30,20
ETH_09_A07,ETH_09,What is the church's appropriate stance toward same-sex relationships and sexual ethics?,Celibate partnerships allowed; sexual acts and marriage prohibited,"Individuals may enter into committed, socially romantic partnerships or civil unions. However, same-sex sexual acts and the sacrament of Holy Matrimony remain strictly prohibited.",Covenanted Celibacy (Side B),40,50,60,N/A,50,N/A,N/A,N/A,N/A,65,50,60
ETH_09_A05,ETH_09,What is the church's appropriate stance toward same-sex relationships and sexual ethics?,"Civil unions may be blessed, but formal marriage is male-female only","The church may pastorally bless same-sex unions and leave sexual ethics to individual conscience, but the official religious rite of Holy Matrimony is restricted to male-female couples.",Pastoral Accommodation,60,70,75,N/A,70,N/A,N/A,N/A,N/A,50,70,75
ETH_09_A06,ETH_09,What is the church's appropriate stance toward same-sex relationships and sexual ethics?,"Marriage is fully permitted for laity, but clergy are restricted","The church performs same-sex marriages for its lay members, but holds its ordained clergy to a different traditional standard, requiring them to be celibate or in male-female marriages.",Differentiated Inclusion,80,85,85,N/A,85,N/A,N/A,N/A,N/A,85,80,85
ETH_09_A03,ETH_09,What is the church's appropriate stance toward same-sex relationships and sexual ethics?,Full equality; same-sex marriage and ordination are fully affirmed,"The church fully affirms same-sex relationships, performing marriages and ordaining individuals without any restrictions or distinct tiers of membership based on sexual orientation.",Full Affirming Theology,100,100,100,N/A,100,N/A,N/A,N/A,N/A,100,100,100
MET_03_A06,MET_03,How should one approach parts of the Bible that seem to conflict with modern science or history?,Material science is irrelevant; ultimate truth is purely spiritual,"The physical world or secular science is fundamentally flawed, fallen, or illusory; true knowledge comes exclusively through divine spiritual revelation, making scientific conflicts irrelevant.",Fideism,40,N/A,10,0,0,N/A,N/A,N/A,N/A,N/A,35,100
MET_03_A01,MET_03,How should one approach parts of the Bible that seem to conflict with modern science or history?,The Bible is scientifically and historically accurate as written,The Bible contains no errors in history or science; any conflict arises because modern secular scientific theories are flawed or misinterpret the evidence.,Biblical Inerrancy,0,N/A,0,10,10,N/A,N/A,N/A,N/A,N/A,0,10
MET_03_A02,MET_03,How should one approach parts of the Bible that seem to conflict with modern science or history?,The Bible and science are both true and must be harmonized,God is the author of both nature and Scripture. Conflicts are resolved by adjusting our interpretation of the biblical text to harmonize with established scientific facts.,Concordism,20,N/A,40,30,50,N/A,N/A,N/A,N/A,N/A,20,20
MET_03_A03,MET_03,How should one approach parts of the Bible that seem to conflict with modern science or history?,"The Bible teaches faith perfectly, using ancient concepts and worldview","The Bible is completely trustworthy in matters of faith and salvation, but God accommodated His message by using the ancient, pre-scientific worldview of the human authors to communicate.",Accommodationism,50,N/A,60,50,80,N/A,N/A,N/A,N/A,N/A,60,50
MET_03_A04,MET_03,How should one approach parts of the Bible that seem to conflict with modern science or history?,The Bible contains human errors and requires critical study,"Because the Bible is a human record, it contains historical and scientific errors; we must use modern critical scholarship and reason to discern its core spiritual message.",Historical Criticism,80,N/A,80,80,90,N/A,N/A,N/A,N/A,N/A,80,0
MET_03_A05,MET_03,How should one approach parts of the Bible that seem to conflict with modern science or history?,"The accounts are purely symbolic metaphors, not literal history","The biblical narratives are not literal history or science; they are profound symbolic myths designed to express spiritual, moral, or existential truths.",Existential Hermeneutic,100,N/A,100,100,100,N/A,N/A,N/A,N/A,N/A,100,80
MET_04_A02,MET_04,The Christian life is best understood primarily as...,Believing and upholding orthodox doctrine and true worship,"The Christian life is fundamentally about intellectual and spiritual fidelity to the truth, focusing on correct biblical doctrine, confessional orthodoxy, and proper worship.",Confessionalism,0,20,40,70,50,25,20,50,20,30,15,0
MET_04_A01,MET_04,The Christian life is best understood primarily as...,Receiving grace through the Church's sacramental life,"The Christian life is primarily about participating in the objective, historical rites of the Church, receiving God's grace through the liturgy and sacraments.",Sacramentalism,25,50,0,15,60,0,0,0,0,0,50,40
MET_04_A06,MET_04,The Christian life is best understood primarily as...,Separating from worldly corruption to pursue strict holiness,"The Christian life is a call to come out from the world, maintaining strict moral purity, distinct living, and separation from secular culture and compromised religion.",Fundamentalist Separatism,15,0,10,85,0,50,85,70,40,85,0,20
MET_04_A08,MET_04,The Christian life is best understood primarily as...,"Embodying the peaceful, counter-cultural reign of God on earth","The ultimate purpose of the Christian life is not just individual salvation, but gathering as a distinct community that visibly embodies the peace, ethics, and reign of God to the world.",Kingdom Theology,60,70,20,65,30,85,90,15,70,75,70,60
MET_04_A05,MET_04,The Christian life is best understood primarily as...,Transforming society through acts of justice and systemic change,"The Christian life is primarily about building a better world by enacting justice, showing mercy to the marginalized, and transforming oppressive societal structures.",Liberation Theology,100,100,100,100,100,95,100,30,85,100,100,50
MET_04_A03,MET_04,The Christian life is best understood primarily as...,Knowing Jesus personally and making disciples of all nations,"The Christian life is driven by a heartfelt, personal relationship with Jesus Christ, which naturally overflows into an active mission to evangelize and make disciples globally.",Missional Evangelicalism,40,40,80,50,80,70,70,85,60,90,30,70
MET_04_A04,MET_04,The Christian life is best understood primarily as...,Experiencing and ministering the supernatural power of the Spirit,"The Christian life is fundamentally a dynamic, experiential reality focused on being empowered by the Holy Spirit to witness, heal, prophesy, and defeat spiritual darkness.",Pentecostalism,75,60,60,0,90,90,50,60,95,80,60,90
MET_04_A07,MET_04,The Christian life is best understood primarily as...,"Seeking direct, unmediated union with the Divine","The Christian life is an inward journey of the soul, focusing on silence, contemplation, and seeking a direct, experiential union with God beyond words or earthly structures.",Contemplative Mysticism,80,80,90,25,15,100,40,100,100,60,90,100